estacion_code;Estado_ultima_semana;calidad_ultima_reportada;dias_desde_ultima_cal1;dias_desde_ultima_actividad;fecha_ultima_actividad;hora_ultima_actividad
sn_1049;ACTIVA;cal2;0.0;0.0;23/01/26;10:16:00
sp_168;ACTIVA;cal1;;0.0;23/01/26;10:11:00
sp_167;ACTIVA;cal1;;0.0;23/01/26;10:11:00
sp_166;ACTIVA;cal1;;0.0;23/01/26;10:14:00
sp_165;ACTIVA;cal1;;0.0;23/01/26;10:14:00
sp_164;ACTIVA;cal1;;0.0;23/01/26;10:14:00
sp_162;ACTIVA;cal1;;0.0;23/01/26;10:11:00
sp_161;ACTIVA;cal1;;0.0;23/01/26;10:10:00
sp_159;ACTIVA;cal1;;0.0;23/01/26;10:13:00
sp_158;ACTIVA;cal1;;0.0;23/01/26;10:13:00
sp_157;ACTIVA;cal1;;0.0;23/01/26;15:32:00
sp_156;ACTIVA;cal1;;0.0;23/01/26;15:31:00
sp_155;ACTIVA;cal1;;0.0;23/01/26;15:28:00
sp_154;ACTIVA;cal1;;0.0;23/01/26;15:31:00
sp_151;ACTIVA;cal1;;0.0;23/01/26;15:32:00
sp_150;ACTIVA;cal1;;0.0;23/01/26;15:31:00
sp_149;ACTIVA;cal1;;0.0;23/01/26;15:31:00
sp_146;ACTIVA;cal1;;0.0;23/01/26;15:31:00
sp_145;ACTIVA;cal1;;0.0;23/01/26;15:31:00
sp_144;ACTIVA;cal1;;0.0;23/01/26;15:31:00
sp_143;ACTIVA;cal1;;0.0;23/01/26;15:31:00
sp_142;ACTIVA;cal1;;0.0;23/01/26;15:31:00
sp_141;ACTIVA;cal1;;0.0;23/01/26;15:31:00
sp_140;ACTIVA;cal1;;0.0;23/01/26;15:31:00
sp_139;ACTIVA;cal1;;0.0;23/01/26;15:31:00
sp_138;ACTIVA;cal1;;0.0;23/01/26;6:56:00
sp_136;ACTIVA;cal1;;0.0;23/01/26;15:31:00
sp_135;ACTIVA;cal1;;0.0;23/01/26;15:31:00
sp_134;ACTIVA;cal1;;0.0;23/01/26;15:31:00
sp_133;ACTIVA;cal1;;0.0;23/01/26;15:31:00
sp_132;ACTIVA;cal1;;0.0;23/01/26;15:31:00
sp_131;ACTIVA;cal1;;0.0;23/01/26;15:31:00
sp_109;ACTIVA;cal1;;0.0;23/01/26;15:31:00
sp_108;ACTIVA;cal1;;0.0;23/01/26;15:31:00
sp_103;ACTIVA;cal1;;0.0;23/01/26;15:31:00
sp_102;ACTIVA;cal1;;0.0;23/01/26;15:31:00
sp_101;ACTIVA;cal1;;0.0;23/01/26;15:31:00
sn_1051;ACTIVA;cal1;;0.0;23/01/26;15:32:00
sn_1050;ACTIVA;cal1;;0.0;23/01/26;15:34:00
sn_1048;ACTIVA;cal1;;0.0;23/01/26;15:35:00
sn_1047;ACTIVA;cal1;;0.0;23/01/26;15:34:00
sn_1046;ACTIVA;cal1;;0.0;23/01/26;15:34:00
sn_1045;ACTIVA;cal1;;0.0;23/01/26;15:34:00
sn_1044;ACTIVA;cal1;;0.0;23/01/26;15:34:00
sn_1041;ACTIVA;cal1;;0.0;23/01/26;15:34:00
sn_1040;ACTIVA;cal1;;0.0;23/01/26;15:34:00
sn_1039;ACTIVA;cal1;;0.0;23/01/26;15:34:00
sn_1038;ACTIVA;cal1;;0.0;23/01/26;15:34:00
sn_1037;ACTIVA;cal1;;0.0;23/01/26;15:34:00
sn_1036;ACTIVA;cal1;;0.0;23/01/26;15:33:00
sn_1035;ACTIVA;cal1;;0.0;23/01/26;15:34:00
sn_1034;ACTIVA;cal1;;0.0;23/01/26;15:33:00
sn_1033;ACTIVA;cal1;;0.0;23/01/26;15:33:00
sn_1030;ACTIVA;cal1;;0.0;23/01/26;15:33:00
sn_1023;ACTIVA;cal1;;0.0;23/01/26;15:33:00
sn_1022;ACTIVA;cal1;;0.0;23/01/26;15:33:00
sn_1021;ACTIVA;cal1;;0.0;23/01/26;15:33:00
sn_1019;ACTIVA;cal1;;0.0;23/01/26;15:33:00
sn_1018;ACTIVA;cal1;;0.0;23/01/26;15:33:00
sn_1016;ACTIVA;cal1;;0.0;23/01/26;15:33:00
sn_1014;ACTIVA;cal1;;0.0;23/01/26;15:33:00
sn_1013;ACTIVA;cal1;;0.0;23/01/26;15:33:00
sn_1012;ACTIVA;cal1;;0.0;23/01/26;15:33:00
sn_1010;ACTIVA;cal1;;0.0;23/01/26;15:33:00
sn_1008;ACTIVA;cal1;;0.0;23/01/26;15:33:00
sn_1007;ACTIVA;cal1;;0.0;23/01/26;15:33:00
sn_1004;ACTIVA;cal1;;0.0;23/01/26;15:32:00
sn_1003;ACTIVA;cal1;;0.0;23/01/26;15:32:00
sn_1002;ACTIVA;cal1;;0.0;23/01/26;15:32:00
sn_1001;ACTIVA;cal1;;0.0;23/01/26;15:32:00
sm_516;ACTIVA;cal1;;0.0;23/01/26;15:31:00
sm_515;ACTIVA;cal1;;0.0;23/01/26;15:31:00
sm_514;ACTIVA;cal1;;0.0;23/01/26;15:34:00
sm_513;ACTIVA;cal1;;0.0;23/01/26;15:31:00
sm_512;ACTIVA;cal1;;0.0;23/01/26;15:31:00
sm_511;ACTIVA;cal1;;0.0;23/01/26;15:31:00
sm_510;ACTIVA;cal1;;0.0;23/01/26;15:31:00
sm_508;ACTIVA;cal1;;0.0;23/01/26;15:31:00
sm_506;ACTIVA;cal1;;0.0;23/01/26;15:31:00
sm_505;ACTIVA;cal1;;0.0;23/01/26;15:31:00
sm_504;ACTIVA;cal1;;0.0;23/01/26;15:31:00
sm_502;ACTIVA;cal1;;0.0;23/01/26;15:31:00
sm_501;ACTIVA;cal1;;0.0;23/01/26;15:31:00
sn_1009;ACTIVA;cal1;;0.0;23/01/26;10:13:00
sm_509;ACTIVA;cal1;;2.0;21/01/26;6:01:00
sp_137;INACTIVA;cal1;;5.0;17/01/26;21:31:00
sp_104;INACTIVA;cal1;;6.0;16/01/26;16:10:00
sn_1043;INACTIVA;cal1;;7.0;16/01/26;11:08:00
sp_160;INACTIVA;cal1;;9.0;14/01/26;10:49:00
sp_163;INACTIVA;cal1;;10.0;13/01/26;10:15:00
sn_1031;INACTIVA;cal1;;16.0;7/01/26;10:49:00
sn_1042;INACTIVA;cal1;;18.0;5/01/26;9:04:00
sm_503;INACTIVA;cal1;;38.0;16/12/25;9:46:00
sm_507;INACTIVA;cal1;;65.0;19/11/25;15:16:00
sn_1005;INACTIVA;cal2;2.0;66.0;18/11/25;11:26:00
sp_106;INACTIVA;cal1;;73.0;11/11/25;11:04:00
sn_1011;INACTIVA;cal1;;87.0;28/10/25;11:01:00
sp_147;INACTIVA;cal1;;91.0;23/10/25;22:11:00
sm_517;INACTIVA;cal1;;333.0;24/02/25;8:26:00
sn_1032;INACTIVA;;;487.0;22/09/24;19:58:00
sn_1015;INACTIVA;;;680.0;14/03/24;6:30:00
sp_152;INACTIVA;;;1082.0;6/02/23;10:17:00