estacion_code,Estado_ultima_semana,calidad_ultima_reportada,dias_desde_ultima_cal1,dias_desde_ultima_actividad,fecha_ultima_actividad,hora_ultima_actividad
sn_1059,ACTIVA,cal2,0.0,0.0,2026-07-02,09:31:00
sn_1049,ACTIVA,cal2,0.0,0.0,2026-07-02,09:31:00
sp_176,ACTIVA,cal1,,0.0,2026-07-02,09:30:00
sp_175,ACTIVA,cal1,,0.0,2026-07-02,09:30:00
sp_174,ACTIVA,cal1,,0.0,2026-07-02,09:26:00
sp_173,ACTIVA,cal1,,0.0,2026-07-02,09:29:00
sp_172,ACTIVA,cal1,,0.0,2026-07-02,09:27:00
sp_171,ACTIVA,cal1,,0.0,2026-07-02,09:30:00
sp_170,ACTIVA,cal1,,0.0,2026-07-02,09:28:00
sp_169,ACTIVA,cal1,,0.0,2026-07-02,09:30:00
sp_168,ACTIVA,cal1,,0.0,2026-07-02,09:30:00
sp_167,ACTIVA,cal1,,0.0,2026-07-02,09:30:00
sp_166,ACTIVA,cal1,,0.0,2026-07-02,08:48:00
sp_165,ACTIVA,cal1,,0.0,2026-07-02,09:26:00
sp_164,ACTIVA,cal1,,0.0,2026-07-02,09:27:00
sp_163,ACTIVA,cal1,,0.0,2026-07-02,09:28:00
sp_162,ACTIVA,cal1,,0.0,2026-07-02,09:29:00
sp_160,ACTIVA,cal1,,0.0,2026-07-02,09:26:00
sp_159,ACTIVA,cal1,,0.0,2026-07-02,09:27:00
sp_157,ACTIVA,cal1,,0.0,2026-07-02,09:28:00
sp_155,ACTIVA,cal1,,0.0,2026-07-02,09:28:00
sp_151,ACTIVA,cal1,,0.0,2026-07-02,09:29:00
sp_150,ACTIVA,cal1,,0.0,2026-07-02,09:26:00
sp_146,ACTIVA,cal1,,0.0,2026-07-02,09:26:00
sp_145,ACTIVA,cal1,,0.0,2026-07-02,09:26:00
sp_144,ACTIVA,cal1,,0.0,2026-07-02,09:28:00
sp_143,ACTIVA,cal1,,0.0,2026-07-02,09:26:00
sp_142,ACTIVA,cal1,,0.0,2026-07-02,09:26:00
sp_141,ACTIVA,cal1,,0.0,2026-07-02,09:26:00
sp_140,ACTIVA,cal1,,0.0,2026-07-02,09:27:00
sp_139,ACTIVA,cal1,,0.0,2026-07-02,09:26:00
sp_138,ACTIVA,cal1,,0.0,2026-07-02,09:26:00
sp_137,ACTIVA,cal1,,0.0,2026-07-02,09:25:00
sp_135,ACTIVA,cal1,,0.0,2026-07-02,09:26:00
sp_134,ACTIVA,cal1,,0.0,2026-07-02,09:26:00
sp_133,ACTIVA,cal1,,0.0,2026-07-02,09:26:00
sp_132,ACTIVA,cal1,,0.0,2026-07-02,09:26:00
sp_131,ACTIVA,cal1,,0.0,2026-07-02,01:26:00
sp_109,ACTIVA,cal1,,0.0,2026-07-02,09:26:00
sp_108,ACTIVA,cal1,,0.0,2026-07-02,09:27:00
sp_105,ACTIVA,cal1,,0.0,2026-07-02,09:21:00
sp_104,ACTIVA,cal1,,0.0,2026-07-02,09:28:00
sp_103,ACTIVA,cal1,,0.0,2026-07-01,23:46:00
sp_101,ACTIVA,cal1,,0.0,2026-07-02,09:26:00
sn_1058,ACTIVA,cal1,,0.0,2026-07-02,09:31:00
sn_1057,ACTIVA,cal1,,0.0,2026-07-02,09:31:00
sn_1056,ACTIVA,cal1,,0.0,2026-07-02,09:31:00
sn_1055,ACTIVA,cal1,,0.0,2026-07-02,09:31:00
sn_1054,ACTIVA,cal1,,0.0,2026-07-02,09:31:00
sn_1053,ACTIVA,cal1,,0.0,2026-07-02,09:31:00
sn_1052,ACTIVA,cal1,,0.0,2026-07-02,09:31:00
sn_1051,ACTIVA,cal1,,0.0,2026-07-02,09:31:00
sn_1050,ACTIVA,cal1,,0.0,2026-07-02,09:31:00
sn_1048,ACTIVA,cal1,,0.0,2026-07-02,09:31:00
sn_1047,ACTIVA,cal1,,0.0,2026-07-02,09:30:00
sn_1046,ACTIVA,cal1,,0.0,2026-07-02,09:31:00
sn_1045,ACTIVA,cal1,,0.0,2026-07-02,09:31:00
sn_1044,ACTIVA,cal1,,0.0,2026-07-02,09:31:00
sn_1042,ACTIVA,cal1,,0.0,2026-07-02,09:31:00
sn_1041,ACTIVA,cal1,,0.0,2026-07-02,09:30:00
sn_1040,ACTIVA,cal1,,0.0,2026-07-02,09:31:00
sn_1039,ACTIVA,cal1,,0.0,2026-07-02,09:31:00
sn_1038,ACTIVA,cal1,,0.0,2026-07-02,09:31:00
sn_1037,ACTIVA,cal1,,0.0,2026-07-02,09:31:00
sn_1036,ACTIVA,cal1,,0.0,2026-07-02,09:31:00
sn_1035,ACTIVA,cal1,,0.0,2026-07-02,09:30:00
sn_1034,ACTIVA,cal1,,0.0,2026-07-02,09:31:00
sn_1033,ACTIVA,cal1,,0.0,2026-07-02,09:30:00
sn_1031,ACTIVA,cal1,,0.0,2026-07-02,09:30:00
sn_1030,ACTIVA,cal1,,0.0,2026-07-02,09:30:00
sn_1023,ACTIVA,cal1,,0.0,2026-07-02,09:31:00
sn_1021,ACTIVA,cal1,,0.0,2026-07-02,09:30:00
sn_1019,ACTIVA,cal1,,0.0,2026-07-02,09:30:00
sn_1018,ACTIVA,cal1,,0.0,2026-07-02,09:30:00
sn_1016,ACTIVA,cal1,,0.0,2026-07-02,09:21:00
sn_1015,ACTIVA,cal1,,0.0,2026-07-02,09:30:00
sn_1014,ACTIVA,cal1,,0.0,2026-07-02,09:30:00
sn_1012,ACTIVA,cal1,,0.0,2026-07-02,09:30:00
sn_1011,ACTIVA,cal1,,0.0,2026-07-02,09:30:00
sn_1010,ACTIVA,cal1,,0.0,2026-07-02,09:30:00
sn_1009,ACTIVA,cal1,,0.0,2026-07-02,09:30:00
sn_1008,ACTIVA,cal1,,0.0,2026-07-02,09:29:00
sn_1007,ACTIVA,cal1,,0.0,2026-07-02,09:30:00
sn_1005,ACTIVA,cal1,,0.0,2026-07-02,09:30:00
sn_1003,ACTIVA,cal1,,0.0,2026-07-02,09:25:00
sn_1002,ACTIVA,cal1,,0.0,2026-07-02,09:30:00
sn_1001,ACTIVA,cal1,,0.0,2026-07-02,09:29:00
sm_517,ACTIVA,cal1,,0.0,2026-07-02,09:32:00
sm_516,ACTIVA,cal1,,0.0,2026-07-02,09:28:00
sm_515,ACTIVA,cal1,,0.0,2026-07-02,09:31:00
sm_513,ACTIVA,cal1,,0.0,2026-07-02,09:31:00
sm_512,ACTIVA,cal1,,0.0,2026-07-02,09:31:00
sm_511,ACTIVA,cal1,,0.0,2026-07-02,09:28:00
sm_509,ACTIVA,cal1,,0.0,2026-07-02,09:27:00
sm_508,ACTIVA,cal1,,0.0,2026-07-02,01:21:00
sm_507,ACTIVA,cal1,,0.0,2026-07-02,09:28:00
sm_506,ACTIVA,cal1,,0.0,2026-07-02,09:31:00
sm_505,ACTIVA,cal1,,0.0,2026-07-02,09:31:00
sm_504,ACTIVA,cal1,,0.0,2026-07-02,09:31:00
sm_503,ACTIVA,cal1,,0.0,2026-07-02,09:30:00
sm_502,ACTIVA,cal1,,0.0,2026-07-02,09:21:00
sm_501,ACTIVA,cal1,,0.0,2026-07-02,09:29:00
sp_158,ACTIVA,cal1,,1.0,2026-06-30,11:36:00
sp_156,ACTIVA,cal1,,1.0,2026-07-01,05:46:00
sp_106,ACTIVA,cal1,,1.0,2026-06-30,15:15:00
sn_1022,ACTIVA,cal1,,1.0,2026-06-30,10:26:00
sn_1013,ACTIVA,cal1,,1.0,2026-06-30,19:57:00
sp_136,ACTIVA,cal1,,4.0,2026-06-27,14:31:00
sn_1004,ACTIVA,cal1,,5.0,2026-06-27,01:01:00
sp_149,ACTIVA,cal1,,7.0,2026-06-24,12:01:00
sn_1043,ACTIVA,cal1,,7.0,2026-06-25,08:30:00
sp_102,INACTIVA,cal1,,8.0,2026-06-23,20:26:00
sm_510,INACTIVA,cal1,,21.0,2026-06-11,06:56:00
sp_161,INACTIVA,cal1,,36.0,2026-05-27,07:08:00
sm_514,INACTIVA,cal1,,42.0,2026-05-20,10:10:00
sp_154,INACTIVA,cal1,,110.0,2026-03-13,16:16:00
sp_147,INACTIVA,cal1,,251.0,2025-10-23,22:11:00
sn_1032,INACTIVA,,,647.0,2024-09-22,19:58:00
sp_152,INACTIVA,,,1241.0,2023-02-06,10:17:00
